{
  "name": "Ubuntu",
  "designer": "Dalton Maag",
  "license": "UFL",
  "visibility": "External",
  "category": "Sans Serif",
  "size": 172838,
  "fonts": [
    {
      "name": "Ubuntu",
      "style": "normal",
      "weight": 300,
      "filename": "Ubuntu-Light.ttf",
      "postScriptName": "Ubuntu-Light",
      "fullName": "Ubuntu Light",
      "copyright": "Copyright 2011 Canonical Ltd. Licensed under the Ubuntu Font Licence 1.0"
    },
    {
      "name": "Ubuntu",
      "style": "italic",
      "weight": 300,
      "filename": "Ubuntu-LightItalic.ttf",
      "postScriptName": "Ubuntu-LightItalic",
      "fullName": "Ubuntu Light Italic",
      "copyright": "Copyright 2011 Canonical Ltd. Licensed under the Ubuntu Font Licence 1.0"
    },
    {
      "name": "Ubuntu",
      "style": "normal",
      "weight": 400,
      "filename": "Ubuntu-Regular.ttf",
      "postScriptName": "Ubuntu",
      "fullName": "Ubuntu",
      "copyright": "Copyright 2011 Canonical Ltd. Licensed under the Ubuntu Font Licence 1.0"
    },
    {
      "name": "Ubuntu",
      "style": "italic",
      "weight": 400,
      "filename": "Ubuntu-Italic.ttf",
      "postScriptName": "Ubuntu-Italic",
      "fullName": "Ubuntu Italic",
      "copyright": "Copyright 2011 Canonical Ltd. Licensed under the Ubuntu Font Licence 1.0"
    },
    {
      "name": "Ubuntu",
      "style": "normal",
      "weight": 500,
      "filename": "Ubuntu-Medium.ttf",
      "postScriptName": "Ubuntu-Medium",
      "fullName": "Ubuntu Medium",
      "copyright": "Copyright 2011 Canonical Ltd. Licensed under the Ubuntu Font Licence 1.0"
    },
    {
      "name": "Ubuntu",
      "style": "italic",
      "weight": 500,
      "filename": "Ubuntu-MediumItalic.ttf",
      "postScriptName": "Ubuntu-MediumItalic",
      "fullName": "Ubuntu Medium Italic",
      "copyright": "Copyright 2011 Canonical Ltd. Licensed under the Ubuntu Font Licence 1.0"
    },
    {
      "name": "Ubuntu",
      "style": "normal",
      "weight": 700,
      "filename": "Ubuntu-Bold.ttf",
      "postScriptName": "Ubuntu-Bold",
      "fullName": "Ubuntu Bold",
      "copyright": "Copyright 2011 Canonical Ltd. Licensed under the Ubuntu Font Licence 1.0"
    },
    {
      "name": "Ubuntu",
      "style": "italic",
      "weight": 700,
      "filename": "Ubuntu-BoldItalic.ttf",
      "postScriptName": "Ubuntu-BoldItalic",
      "fullName": "Ubuntu Bold Italic",
      "copyright": "Copyright 2011 Canonical Ltd. Licensed under the Ubuntu Font Licence 1.0"
    }
  ],
  "subsets": [
    "cyrillic",
    "cyrillic-ext",
    "greek",
    "greek-ext",
    "latin",
    "latin-ext",
    "menu"
  ],
  "dateAdded": "2010-12-15"
}
